枪杀,0.005254826184513927
举刀,0.02290826745191115
出击,0.0019184877431526173
酒精,0.0032372900396685305
视界,0.0034987142656901006
公共,0.002060393955175382
累倒,0.007020170311253649
悬,0.0025715031118695494
拘,0.018288876156535645
违反,0.0030481460260892742
百万,0.011129424975868996
跑吐,0.02290826745191115
跪求,0.002687052909256149
车流,0.004372154121144066
禁带,0.02290826745191115
黑科技,0.0018822284498469953
步枪,0.002040318968659508
婴儿车,0.0031364132324262603
溜达,0.0023293987744881016
逮个正着,0.004077930100020779
排行榜,0.0018936109672014962
放倒,0.0030481460260892742
新闻Knews,0.005179440038384004
铺满,0.005374105818512298
翡翠,0.0031364132324262603
星,0.042746028378432534
前门,0.012316202691472817
口感,0.0018075400157623437
施暴者,0.008785514437993372
威胁,0.005636299841005857
直肠癌,0.02290826745191115
前夫,0.0018473014747605097
夜查,0.026356543313980116
爆炸案,0.02290826745191115
电动车,0.009639157420599176
心快,0.02290826745191115
胸衣,0.012316202691472817
食材,0.0018870927735027646
减刑,0.024632405382945633
老人,0.01772837079358337
黑车,0.004750442148302578
海上,0.0019704650184865368
真人版,0.0019359792262432494
走失,0.0030481460260892742
袁,0.0019676336726537546
治病,0.0023660812498489275
夸,0.0018487504576278747
进班房,0.008785514437993372
猥亵,0.022661030277679715
回来,0.0017595628967884572
法律,0.007098243749546782
冤狱,0.02290826745191115
报,0.0039409300369730735
|,0.005179125419311351
留学生,0.005143006223739099
交警队,0.028080681245014595
母亲,0.007055234342271839
半挂,0.012316202691472817
张,0.0034667530792699044
惊呆,0.0036150800315246875
面部,0.0024302755817303717
超神,0.0019051988671103515
先,0.0017609159336748937
必杀技,0.0031364132324262603
山西,0.007347277884156583
秘籍,0.0023125859732810567
抢行,0.02290826745191115
列入,0.0032372900396685305
落网,0.016076773804974805
恩人,0.0031364132324262603
受骗,0.0038425508831221493
轻信,0.005960963835209816
外卖,0.007633391011820598
撞人,0.012233790300062337
核查,0.010509652369027855
大皖,0.007020170311253649
总部,0.0023125859732810567
扰乱,0.0031364132324262603
骗局,0.004389792729663484
英,0.0037899553704702025
眼识,0.008785514437993372
尿液,0.005960963835209816
涉案,0.018635190195904813
手套,0.0022408240169095235
店,0.005572114350101121
行窃,0.005254826184513927
失踪,0.005789427274294031
公斤,0.0019403025179822037
搭,0.0017765738951950687
惊现,0.0038556629682396704
帮忙,0.0035943733070405285
监护人,0.024632405382945633
逃逸,0.006707372711434606
短信,0.004814993895673912
漂浮,0.0023125859732810567
废品,0.003649967887477816
快报,0.0039038485399372808
检测,0.004658797548976203
专骗,0.02290826745191115
电话,0.005416846056805871
野生,0.0019184877431526173
画,0.0017765738951950687
疑,0.009069282957048359
警车,0.013603924435572538
诈骗网,0.02290826745191115
摧毁,0.0021846624858361495
刺伤,0.009500884296605156
索赔,0.005678184232687562
惊,0.005795476426070409
工友,0.004077930100020779
隧道,0.005928989847420471
救援者,0.02290826745191115
血迹,0.008785514437993372
韩星,0.004750442148302578
法网,0.005960963835209816
东莞,0.0021564671049299246
怼,0.0018909421004902048
骑马,0.0021024259581929948
扔地,0.012316202691472817
闯关,0.0019621618582353444
擒,0.006272826464852521
违,0.010509652369027855
红星,0.003998512992481346
追车,0.007020170311253649
瓦斯,0.0023861419785618783
集装箱,0.002687052909256149
工业,0.0021846624858361495
背锅,0.0025715031118695494
装扮,0.0019239882095333193
景区,0.0018333344749565273
吹气,0.008785514437993372
老乡,0.002901034015527631
轻生,0.00761673643012768
发问,0.0032372900396685305
甘当,0.007020170311253649
餐半路,0.02290826745191115
李,0.0017373203389503984
卧底水,0.008785514437993372
脑回路,0.002407496947836956
受审,0.011921927670419632
提请,0.02290826745191115
酒店,0.00711494481198202
怒赞,0.005254826184513927
拘一日,0.02290826745191115
沃尔玛,0.003353686355717303
网吧,0.002407496947836956
处置,0.0031364132324262603
漏洞,0.0024302755817303717
武警,0.0022537411690563996
围堵,0.0023861419785618783
高铁,0.003547731869209231
感情,0.0017616984443693704
车头,0.002606809994404344
长,0.0052108372444714226
徒手,0.0038517830910380453
实施,0.0038896118937538963
走,0.006941385860690051
生命,0.003545674158716674
导致,0.0019167209266788162
茅台,0.0021238384880321558
救命,0.00649642188815824
撞断,0.014040340622507298
秘密,0.0034994452570469283
数值,0.004372154121144066
高速,0.008988469681576522
话,0.0035250299545359102
命大,0.012316202691472817
北京,0.003495404070124309
骑车,0.006349309877596597
满,0.0017549288169659894
钱,0.017423686793312784
齐鲁网,0.012857515559347747
抓错,0.012316202691472817
快递,0.0018392690697348994
车费,0.007685101766244299
撕扯,0.004750442148302578
老板,0.0017382795395263898
摩托蛇形,0.02290826745191115
追砍,0.024632405382945633
宝马,0.007328880898033374
学,0.0035028038659837063
案外,0.02290826745191115
特别,0.001752233593529014
晴天,0.0018743799843740335
巧,0.004694401128002887
逗乐,0.0019621618582353444
精心,0.0020028764773618074
防毒,0.005254826184513927
高声,0.005960963835209816
抽烟,0.0021238384880321558
女生,0.010473346066616663
交巡警,0.02290826745191115
广西,0.008907737480658547
追赶,0.005802068031055262
攀登,0.002783344407078316
孩疑,0.02290826745191115
眼,0.014262557842090304
解救,0.004534641478524179
时速,0.0019763299491401573
缉私,0.02290826745191115
低头不语,0.008785514437993372
擅自,0.005960963835209816
留,0.0035979870247606735
吞,0.0021093039223231496
喷洒,0.007020170311253649
丰唇,0.02290826745191115
恐慌,0.004077930100020779
黑案,0.010509652369027855
日记,0.0017947516961040715
酒致,0.02290826745191115
超市,0.005531466835830171
直播,0.061025676560707065
容,0.002687052909256149
集团,0.0019184877431526173
逃之夭夭,0.012316202691472817
吐槽,0.00526268707231173
僵持,0.004750442148302578
酷双双,0.02290826745191115
含,0.002095789326137582
物业,0.002407496947836956
延误,0.003489482057774205
姑息,0.02290826745191115
教训,0.0037326265938928136
罗定,0.012316202691472817
增,0.002194896364831742
前往,0.002060393955175382
漂移,0.003935267345307509
跑,0.015711591191428478
退休,0.001995729335148286
做,0.005183324074401753
凄惨,0.002783344407078316
余,0.011697006066262854
气愤,0.002538912143375893
变形,0.0019763299491401573
群众,0.003935267345307509
牙掉,0.02290826745191115
缅,0.004077930100020779
颅脑,0.02290826745191115
见面,0.0018362232724147827
破门而入,0.004750442148302578
半年,0.0019519242699686404
表白,0.001778736202995505
滞留,0.003489482057774205
擦碰,0.012316202691472817
捣毁,0.0048605511634607435
砖头,0.0024302755817303717
沾染,0.007020170311253649
平遥,0.004732162499697855
gogo,0.004750442148302578
罪,0.004457043934491664
陌生,0.008625868419719698
携,0.001854101915825137
农村,0.003472294149507601
庭前,0.02290826745191115
手中,0.002281615023689132
网椰,0.004750442148302578
表演,0.005254522822254133
伤心,0.0018712499415961261
偷溜,0.005960963835209816
医院,0.007186745279218433
家禽,0.007020170311253649
骨折,0.004732162499697855
掏,0.005878551443799337
瞥,0.02290826745191115
姨子,0.0020551399547981807
感动,0.001757551384537443
帮付,0.02290826745191115
网购,0.004369324971672299
牵,0.0019149859447360744
妇联,0.0038425508831221493
画面,0.005282366022450559
爱犬,0.003649967887477816
转移,0.002480713985351507
赤土帮,0.02290826745191115
赣州,0.004077930100020779
捕鱼,0.0024302755817303717
机会,0.0017875634685221376
夸张,0.0021654739627194135
非法,0.006214256228556399
商品,0.002095789326137582
追查,0.008785514437993372
喷,0.007579910740940405
诈骗,0.028977382130352045
F视频,0.024632405382945633
讨要,0.005960963835209816
调取,0.008785514437993372
公安局,0.009500884296605156
视讯,0.035289526722325056
开设,0.003489482057774205
轮下,0.02290826745191115
新增,0.002045109590441705
行骗,0.014251326444907734
宇芽,0.003353686355717303
惩罚,0.002022505952455281
传言,0.0031364132324262603
怕,0.005243581081527445
南方,0.029106144440650496
粤,0.0026451870406378163
死伤,0.002970263196968404
坐江,0.02290826745191115
套餐,0.0019922914692734276
零用钱,0.02290826745191115
女士,0.002732906003457181
扔掉,0.0022673207392620897
金,0.005426623347353968
悬赏,0.01395792823109682
炫耀,0.003998512992481346
审核,0.004750442148302578
引,0.005357159108692489
丨释,0.02290826745191115
监狱,0.001988939550045441
报告,0.0018992133816202403
脚,0.003550368052531022
线索,0.005143006223739099
罩,0.0030481460260892742
颖案,0.02290826745191115
老婆,0.0017468433217320998
饮食,0.0025087353206965815
绕圈,0.007020170311253649
现场,0.07272423742999287
底部,0.0032372900396685305
端,0.004005752954723615
补牌,0.012316202691472817
尸检,0.008785514437993372
辩护,0.004372154121144066
研究生,0.0025087353206965815
回忆,0.013953741397249336
频道,0.026893763585040455
骗,0.010737126281037944
掐死,0.017571028875986744
财物,0.008785514437993372
追,0.0017533977784390084
长春,0.004961427970703014
表现,0.0017846640153798446
短,0.0018085368534284138
土,0.0018327744926800043
紧急,0.00919949100820183
催收,0.004077930100020779
猛撞路,0.02290826745191115
周边,0.0021238384880321558
副县长,0.02290826745191115
机构,0.0018834171003643825
命丧,0.004750442148302578
进展,0.004232873251731065
陪护,0.012316202691472817
票,0.004071338495035926
写真,0.0017801806017246327
南海,0.0020658174394357193
山体,0.005960963835209816
色情,0.014040340622507298
滴筹,0.008785514437993372
子耍泼,0.02290826745191115
杀人罪,0.005254826184513927
浙江,0.008937817342610689
疑心,0.004372154121144066
终,0.0019448059468769481
涉及,0.008155860200041559
东西,0.01048496515745856
混乱,0.0021748640910531354
酒味,0.005960963835209816
反向,0.0022673207392620897
寻获,0.012316202691472817
拽碎,0.02290826745191115
床头,0.002970263196968404
阜阳,0.003649967887477816
说话,0.0017797393208530568
商家,0.004457043934491664
餐,0.0019733629842212668
撕毁,0.008785514437993372
撞穿,0.02290826745191115
晚上,0.0035700237328786014
产品,0.0037509062837957747
世界,0.005181100560266191
超大,0.0017807799885769338
案发,0.004750442148302578
指,0.0037004678801746405
原型,0.008963296067638094
抓扯,0.024632405382945633
幼童,0.004077930100020779
邻居,0.0019051988671103515
狂怼,0.003489482057774205
保护伞,0.014040340622507298
养老,0.0020267683527612924
花,0.010417005199565932
吃货,0.0017466025434638324
杀人案,0.024632405382945633
呼吁,0.0021164366258655323
交往,0.006650376317815773
中新,0.00201040995158687
保时捷,0.002060393955175382
细节,0.0017730620176877776
幸存者,0.004750442148302578
元,0.03830209407627716
家门,0.006307277874578984
梦龙,0.005254826184513927
踹肚,0.02290826745191115
舅舅,0.0023293987744881016
机场,0.003517846073960186
砍伤,0.007020170311253649
罚,0.014187378469329047
跳舞,0.0017781790777714132
结,0.002077206756382427
律师,0.010178346237589817
协商,0.003649967887477816
抬出,0.011921927670419632
块,0.0017627246879031106
职校,0.008785514437993372
躺地,0.0032372900396685305
潜水,0.0026451870406378163
吊水,0.008785514437993372
高手,0.003524340959091862
捡到,0.0018743799843740335
丘吉尔,0.012316202691472817
放过,0.0018810574089669027
抑尘剂,0.02290826745191115
押解,0.014599871549911264
近期,0.0018411773206525861
千余,0.003353686355717303
医方,0.02290826745191115
腿,0.0017560898609302242
秒怂,0.0023125859732810567
取,0.0058143571119178925
录音,0.002687052909256149
异味,0.004750442148302578
太子,0.0021564671049299246
赌场,0.003353686355717303
妈妈,0.0017356510449045243
藏厕所,0.02290826745191115
奖,0.0018644301795171095
狼,0.001827475148209491
触电,0.006988196323464305
疯传,0.005254826184513927
刑侦,0.005254826184513927
呼呼,0.005940526393936808
测试,0.003547731869209231
出租车,0.0023293987744881016
射击,0.003929733351179798
枪声,0.004372154121144066
校,0.0025715031118695494
埋,0.001839898201640366
认错,0.004218607844646299
Video,0.014195460581718906
违规,0.004593363944278515
证件,0.005077824286751786
绝尘而去,0.02290826745191115
嫌,0.003664440449016687
校车,0.005960963835209816
表扬,0.002783344407078316
遮挡,0.0022673207392620897
墨西哥大,0.02290826745191115
一手,0.009996282481203366
逃,0.00942311880369047
女友,0.0157321874511118
栏杆,0.002839092116343781
火车,0.0035361768144377484
围观,0.0018616972136375777
尸案,0.02290826745191115
外聘,0.02290826745191115
墙体,0.007020170311253649
转账,0.008744308242288132
回家,0.005227012065064471
巡警,0.02290826745191115
携带,0.0023472005640014434
春宰,0.02290826745191115
男尸,0.02290826745191115
走人,0.002606809994404344
原因,0.010481646506686187
戈壁石,0.02290826745191115
墓地,0.0025087353206965815
送到,0.002839092116343781
谎称,0.007685101766244299
踏步,0.008785514437993372
悬空,0.0032372900396685305
江西,0.010904760525084694
蜀黍,0.0025087353206965815
针头,0.005254826184513927
丨,0.0036001334213584036
城管,0.0024302755817303717
入狱,0.003649967887477816
体力,0.0023293987744881016
残留,0.0038425508831221493
网贷,0.006707372711434606
驾驶舱,0.002407496947836956
头目,0.0038425508831221493
女尸,0.017571028875986744
身家,0.002687052909256149
私自,0.0052903740812756325
剐蹭,0.004372154121144066
勤奋,0.0038425508831221493
出租,0.002970263196968404
视频,0.345026966249446
柳林,0.007020170311253649
恶意,0.0023660812498489275
压身,0.008785514437993372
生吞,0.007020170311253649
网传,0.002970263196968404
求救,0.0023660812498489275
撞损,0.02290826745191115
破假,0.02290826745191115
房屋,0.004080637937319016
项,0.0018418275394837976
外包,0.005960963835209816
慌忙,0.002839092116343781
劫匪,0.0048605511634607435
撵,0.002901034015527631
家暴,0.011450086517730896
海南,0.009896842035948117
转发,0.002901034015527631
组团,0.002216792105938591
夜间,0.0022537411690563996
停机,0.005254826184513927
商贩,0.004077930100020779
宠物狗,0.002732906003457181
紧挨,0.02290826745191115
暗藏,0.002216792105938591
韩,0.0017595037566119063
封面,0.009331566484732033
处罚,0.010697565098395615
鉴酒,0.02290826745191115
黑龙江,0.010250238079855235
忘,0.0017649551362770197
酒驾,0.07380171417495769
毕业生,0.002732906003457181
漠视,0.005960963835209816
保定,0.003489482057774205
身受,0.005960963835209816
供货商,0.012316202691472817
磕头,0.005254826184513927
永不,0.001964866675589899
破,0.003596936420110205
女童,0.008699456364212542
色诱,0.012316202691472817
投诉,0.011881052787873617
扒手,0.012316202691472817
警,0.0032372900396685305
胡椒,0.002216792105938591
治疗,0.004080637937319016
弃车,0.016311720400083118
停用,0.008785514437993372
辅警,0.015429018671217296
列车长,0.003649967887477816
饶,0.004750442148302578
抓拍,0.004372154121144066
产女,0.012316202691472817
获,0.0035682992587878133
时,0.031244342049416386
通话,0.002281615023689132
爆炸,0.003511043653241934
班房,0.008785514437993372
谈拢,0.02290826745191115
呼和浩特,0.005254826184513927
影楼,0.005960963835209816
海口,0.007222490843510868
掉,0.0017713186203905556
飙,0.0021024259581929948
恶名,0.02290826745191115
抓住,0.0037035063382241063
敢,0.0017340648895728505
河涌,0.02290826745191115
怀远井,0.02290826745191115
削减,0.008785514437993372
相撞,0.006135328771325115
男子,0.3399554494161261
搅拌,0.0030481460260892742
说,0.008630007094264987
阳性,0.024632405382945633
嫌疑人,0.01886210393523824
碰瓷,0.0037130774810799237
开小差,0.02290826745191115
匪持,0.02290826745191115
机智,0.005419699351712904
危房,0.012316202691472817
备,0.003649967887477816
帅,0.0017539747331765626
走神,0.0038425508831221493
聚赌,0.02290826745191115
理财,0.002131525037205188
受伤,0.009054790669944477
警力,0.008785514437993372
痛苦,0.0018922659431049322
常用,0.002901034015527631
月,0.008689380088119484
帮团,0.010949903662433449
拘留,0.03308393130217974
犯浑,0.005960963835209816
苯,0.02290826745191115
拖行,0.014251326444907734
规范,0.004077930100020779
果断,0.0018405342470832556
杀害,0.016397436020743086
清奇,0.0025715031118695494
外地,0.0025087353206965815
受罚,0.005254826184513927
装,0.0035472671215123147
坚果,0.0019519242699686404
墩,0.008785514437993372
案件,0.006801962217786269
撞伤,0.007685101766244299
喇叭,0.0023125859732810567
字母,0.002035669247517963
惊险,0.005668916828748994
诬告,0.007020170311253649
G,0.0026451870406378163
调查,0.02560613803097916
裤子,0.0018743799843740335
全套,0.0026451870406378163
通知,0.0023293987744881016
鸡,0.0017471641587745662
车库,0.002407496947836956
环保,0.002071418742852133
拉上,0.007020170311253649
辣椒,0.005372894514121209
遮号牌,0.02290826745191115
违法,0.004062308601804521
短命,0.004750442148302578
没用,0.003807328904795689
颗,0.0017573418958007469
郑州市,0.02290826745191115
达成,0.001954400208435316
夹江,0.02290826745191115
失血,0.02290826745191115
联查,0.02290826745191115
梦,0.0017443132924829367
倒卖,0.004077930100020779
坐,0.010492110062597697
猛犸,0.007020170311253649
杀虫,0.012316202691472817
撞飞,0.012543676603482906
发霉,0.006272826464852521
抢座,0.008785514437993372
钦州,0.004372154121144066
报名,0.002732906003457181
欲,0.007378009213248764
里,0.015577328730614438
非,0.0017895210468396575
重伤,0.004563230047378264
抓回,0.024632405382945633
子,0.001827475148209491
真人,0.0019922914692734276
打开,0.017571028875986744
黑社会,0.0030481460260892742
发声,0.001982480973972003
箭步,0.012316202691472817
扛,0.0018565387405399618
翻,0.0017869988494940573
提起,0.0021093039223231496
法拉利,0.002089381543463391
扫射,0.002538912143375893
指北,0.0017824964145630685
显示,0.002050047615971047
未,0.019445982034636305
浑身,0.0019704650184865368
陪,0.0017748176667303599
砍,0.003721619468789955
科目,0.0023472005640014434
黄泉,0.007020170311253649
身份,0.0017810845157680223
咬掉,0.004750442148302578
底座,0.004750442148302578
怒扇,0.0024302755817303717
婚车,0.002970263196968404
贿赂,0.0038425508831221493
农,0.0023125859732810567
压力,0.0036481261405678016
试戴,0.010509652369027855
真相,0.0035165017220395826
开庭,0.009144438078267822
遇查,0.028080681245014595
商量,0.0021654739627194135
枪弹,0.008785514437993372
偷闻,0.02290826745191115
展开,0.0019793684071896236
超生,0.011921927670419632
跨国,0.0023293987744881016
假扮,0.0021024259581929948
盗收,0.02290826745191115
拖,0.004279026039358247
盗取,0.004750442148302578
枪,0.00707645940584389
数百万,0.0038425508831221493
风,0.0017574987649256273
聘请,0.004077930100020779
跨省,0.019001768593210313
事发,0.023843855340839264
捡,0.005477954122731477
否认,0.0020311543009022604
变质,0.003353686355717303
遇害,0.014251326444907734
广电,0.003353686355717303
伎俩,0.0038425508831221493
酿,0.0025087353206965815
提供,0.0019083477529551495
官方,0.007071627174723688
刑事,0.004750442148302578
页,0.0031364132324262603
游戏,0.0034540599247367817
猪,0.0017455144492190204
傻,0.0036063663808814776
盲人,0.0025715031118695494
性情,0.002606809994404344
跑路,0.0021748640910531354
超速,0.003353686355717303
判刑,0.0060962920521785485
抽血,0.009500884296605156
试试,0.0035413929149079836
硅谷,0.005960963835209816
村医,0.007020170311253649
超载,0.002538912143375893
恶,0.006584689094495226
领到,0.0038425508831221493
凌晨,0.013294493671341683
亲属,0.012316202691472817
巡查,0.004372154121144066
手绘,0.0022537411690563996
油门,0.003977879100090882
左脚,0.005254826184513927
检车,0.02290826745191115
洒,0.0025087353206965815
天价,0.001982480973972003
物,0.0024302755817303717
拼,0.0018046859520264092
案值,0.014040340622507298
熟睡,0.0032372900396685305
湖北,0.0018977783369433078
贵州,0.0017633678005175878
搬来,0.004372154121144066
工疑,0.02290826745191115
希望,0.0035307043816054508
枪口,0.00697896411554841
喝酒,0.0018672739413106763
运输,0.0021654739627194135
挣钱,0.0021654739627194135
生锈,0.002732906003457181
逮,0.006272826464852521
航空,0.0017952256139904445
罚款,0.017926592135276188
雇,0.0031364132324262603
捞,0.001868247655666297
外籍,0.004369324971672299
资深,0.002970263196968404
行凶,0.008785514437993372
触碰女,0.02290826745191115
装修,0.002205595420145316
家属,0.019089135828495026
找到,0.005296056572408176
军人,0.0020267683527612924
强奸罪,0.005960963835209816
社会,0.03994857062760402
差,0.0017604743453069982
俊杰,0.0032372900396685305
拳打脚踢,0.004372154121144066
认罪,0.0060962920521785485
广州,0.0017785958475405926
银行卡,0.0023125859732810567
感叹,0.0038677635753536516
培训,0.002083190973761206
骗保,0.007020170311253649
死缓,0.012316202691472817
遮,0.002538912143375893
全身,0.0019021558261679
嚣张,0.005527455069989649
火车站,0.006080305058283877
西安,0.0036481261405678016
累,0.0018182896177939346
摆,0.0018992133816202403
家中,0.005820907553946611
头发,0.0035506146520248912
游客,0.007011996571663144
主治,0.007020170311253649
报复,0.0037233944272751555
美,0.0034617047872802977
男生,0.0017622388834101603
玩玩,0.0026451870406378163
震慑,0.002901034015527631
出动,0.004131634878871439
事件,0.008949635765745033
爽,0.0017974394172658899
取钱,0.02290826745191115
飞行人,0.02290826745191115
呈,0.005017470641393163
发现,0.024295266744452135
夜航,0.01656256874894249
偶遇,0.0035563581555428264
扒衣,0.012316202691472817
发作,0.0032372900396685305
抛物,0.002216792105938591
解馋,0.001809557808134792
夜晚,0.003929733351179798
补票,0.02290826745191115
宿舍,0.004053536705522585
编织袋,0.005960963835209816
读,0.0018733219417448818
驾车,0.020167416152185712
面包,0.0018204294288566493
快车道,0.0032372900396685305
求,0.0035484372309619993
猫腻,0.0019149859447360744
穿,0.0017325510086837585
话费,0.004372154121144066
山区,0.002281615023689132
缘分,0.0018078696682711493
摔,0.005607704125724202
评上,0.012316202691472817
广东,0.01244061691234448
女儿,0.005208896220521721
演,0.0018226687660153045
校服,0.0030481460260892742
小小,0.0017820180663374245
杀父,0.02290826745191115
KTV,0.002147820521452016
朋友圈,0.0019733629842212668
黄马甲,0.02290826745191115
塞满屋,0.02290826745191115
爸爸,0.001748972783931173
庐山西海,0.02290826745191115
醉驾,0.03565635147593331
遗书,0.005254826184513927
新郎,0.001964866675589899
疏导,0.007020170311253649
头脑,0.0020551399547981807
昌江,0.02290826745191115
罪名,0.003649967887477816
煤矿,0.004045011904910562
见,0.008686807412728209
违停,0.011921927670419632
房筹,0.02290826745191115
年前,0.0036399874414434147
拦下,0.0048605511634607435
损坏,0.003353686355717303
催债,0.008155860200041559
香港,0.0034963669620028514
谩骂,0.008785514437993372
肇事马,0.02290826745191115
珠宝店,0.008785514437993372
藏进,0.02290826745191115
开枪,0.00704160169200433
真心,0.00182131283709355
情况,0.0035802642079934307
抽搐,0.002454625155892299
报信,0.008785514437993372
逼停,0.007020170311253649
斗殴,0.005960963835209816
生死,0.0018339002601581958
藏尸案,0.012316202691472817
速度,0.0017756808252458614
章,0.0019067597372489367
失控,0.007347277884156583
惊喜,0.001773175267888364
男载,0.02290826745191115
绩效,0.012316202691472817
调皮,0.0018386467392554379
爷爷,0.0018896389429163315
发出,0.0018712499415961261
奇招,0.002732906003457181
母求,0.02290826745191115
刮,0.0024302755817303717
鲜血,0.0038425508831221493
绳子,0.0022966819721392576
获利,0.017488616484576263
杀,0.005202909181089355
胺槽,0.02290826745191115
头孢,0.02290826745191115
护栏,0.006707372711434606
曝,0.005503415816867146
桥,0.001949501011043809
新华,0.0021093039223231496
毒驾,0.012316202691472817
保育员,0.012316202691472817
面前,0.0035885681105515925
子弹,0.003753083481074385
观赏鱼,0.0021093039223231496
近,0.00713524614127457
扑倒,0.0038425508831221493
骗财,0.024632405382945633
险,0.0021846624858361495
房价,0.0021846624858361495
袭头,0.02290826745191115
刘某,0.02290826745191115
承认,0.007347277884156583
引发,0.007476938834298935
偷车,0.002732906003457181
意外,0.005243820971263707
坐牢,0.0025715031118695494
喊,0.00713592041928908
承诺,0.0020267683527612924
实拍,0.003530226072981448
找,0.013928249410131535
前方,0.0019569305631320284
留疤,0.008785514437993372
刷屏,0.0022408240169095235
南昌,0.002089381543463391
玩笑,0.002839092116343781
收,0.0018327744926800043
扶贫,0.0025715031118695494
藏,0.0035762766446724497
马桶,0.0019519242699686404
台阶,0.002970263196968404
驾驶证,0.02079184237877883
死心,0.003649967887477816
批评,0.0019704650184865368
拍,0.005238339507380036
亲戚,0.0021024259581929948
生诉,0.02290826745191115
谈,0.0017375711139900165
摸,0.0018557163752635302
关注,0.0017889212017405277
充七,0.02290826745191115
天网恢恢,0.02290826745191115
价,0.002732906003457181
收礼,0.007020170311253649
时髦,0.0018411773206525861
骚扰,0.007098243749546782
父亲,0.008816115204257992
时间,0.04888298144110937
东来东往,0.02290826745191115
拉门,0.02290826745191115
迎亲,0.0024302755817303717
天长,0.024632405382945633
迪士尼,0.004625171946562113
保健食品,0.008785514437993372
陌生人,0.0022408240169095235
醉汉,0.007020170311253649
信号灯,0.02290826745191115
玛莎拉蒂,0.0038425508831221493
支付,0.0022537411690563996
业主,0.0032372900396685305
忒,0.0031364132324262603
模仿,0.007108393019346697
动,0.001768456193630459
堵车库,0.02290826745191115
激烈,0.0019083477529551495
驾驶员,0.004593363944278515
印第安纳波利斯市,0.02290826745191115
救治,0.002228521967245832
喷涂,0.012316202691472817
软件,0.004312934209859849
砸车,0.007020170311253649
受害人,0.0060962920521785485
楼处,0.008785514437993372
驾证,0.02290826745191115
成分,0.0038425508831221493
废铁,0.002783344407078316
宣传,0.003958736814379247
摩托遇,0.02290826745191115
次,0.0259705571672288
新民,0.002538912143375893
塞,0.005661278320508294
买完,0.008785514437993372
警察,0.041737373178665604
混淆,0.012316202691472817
墙,0.0019595171479331124
交,0.003998512992481346
贷,0.008744308242288132
省,0.0057449578342082235
警告,0.0036989756197124764
孝子,0.008785514437993372
愿,0.0035349185185960686
脱,0.0019278314841198352
蹦迪,0.001988939550045441
泳池,0.0018692347085747338
k,0.002454625155892299
行车,0.004349728182106271
副驾驶,0.004077930100020779
擒获,0.007020170311253649
楚天,0.004750442148302578
帮,0.008758070521066554
旅客,0.004625171946562113
错,0.0036112307045372475
走出,0.005894600026769698
铐,0.012316202691472817
假冒,0.0038425508831221493
台湾,0.0018059299369065933
手机,0.020894994069223582
活埋,0.003353686355717303
雷锋,0.012316202691472817
高烧,0.003353686355717303
醒目,0.004750442148302578
接亲,0.0023472005640014434
掐脖,0.012316202691472817
强拉,0.007020170311253649
笑喷,0.0019149859447360744
行人,0.002783344407078316
债务,0.005213619988808688
捅,0.002538912143375893
交通,0.007278247751541114
清晰,0.0022408240169095235
云,0.050639031895995584
拒付,0.02290826745191115
哭腔,0.012316202691472817
刺激,0.0017690195613753233
盘问,0.004750442148302578
章莹颖,0.02290826745191115
狂奔,0.00649642188815824
私房钱,0.0021846624858361495
岁,0.032894142056960445
锁车,0.008785514437993372
孩子,0.012127232278202532
耳光,0.011711545619811843
畏惧,0.004077930100020779
脱险,0.007020170311253649
高速路,0.002783344407078316
暴力,0.0017926949845001028
转笑,0.02290826745191115
破获,0.006307277874578984
霸道,0.0018222126047422451
楼梯,0.002071418742852133
手,0.0017535195253768913
强,0.0034687733265303844
应,0.0018254974024262372
双重,0.002095789326137582
闹,0.003641738232122634
患,0.0021564671049299246
发脾气,0.002228521967245832
旁,0.0021846624858361495
迈,0.002732906003457181
死者,0.017488616484576263
带食,0.02290826745191115
带,0.006926525731242108
拍下,0.01284943344695789
北方,0.0057064674785037
秀强,0.02290826745191115
挂客,0.02290826745191115
今日,0.0019036644523978445
报假,0.005960963835209816
报箱,0.02290826745191115
戒指,0.002131525037205188
馅儿,0.004372154121144066
父母,0.0017727253840640164
霸占,0.0021395130196791234
行李,0.0025087353206965815
女伴,0.008785514437993372
阻止,0.0019298090914313436
喝完,0.0025087353206965815
变,0.005228259477253387
枪击,0.002538912143375893
聚众,0.008785514437993372
怂,0.0018199937207217074
休克,0.008155860200041559
酒友,0.012316202691472817
居民,0.0019132819446137385
头盔,0.004507482338112799
车送,0.02290826745191115
收获,0.0018131468786011914
发用,0.02290826745191115
抢救,0.0020658174394357193
现金,0.006349309877596597
便衣,0.011921927670419632
出炉,0.0037509062837957747
床,0.0018418275394837976
水枪,0.002970263196968404
姨画,0.02290826745191115
警棍,0.008785514437993372
通风报信,0.012316202691472817
排名,0.0018963666263261628
租客,0.0038425508831221493
露,0.0019258915455190226
千里,0.002077206756382427
盗刷,0.006474580079337061
婚宴,0.002454625155892299
侧翻,0.002606809994404344
黑,0.0017663373922314483
强制,0.00649642188815824
拎,0.0048605511634607435
诉前,0.02290826745191115
牙,0.0019519242699686404
僧人,0.005960963835209816
高达,0.0037767119786717043
奖学金,0.008744308242288132
入住,0.002454625155892299
结局,0.003508033632226587
车辆,0.009866814921106335
黑帮,0.005213619988808688
暴打,0.00778851507238537
份,0.0017709020138620252
复核,0.024632405382945633
体院,0.012316202691472817
房东,0.0025715031118695494
头环,0.008785514437993372
手术,0.004062308601804521
操作,0.0017358613009962297
V,0.0023125859732810567
反击,0.0018109581339888956
杀死,0.002035669247517963
委托,0.008785514437993372
黑名单三年,0.02290826745191115
房贷,0.002687052909256149
记录仪,0.002970263196968404
昭通,0.005960963835209816
华裔,0.0031364132324262603
爸,0.001999256496240673
夜店,0.002194896364831742
骗子,0.007620795468441406
派出所,0.020670137749253317
半夜,0.0018451900997252066
驱鬼,0.012316202691472817
护树,0.02290826745191115
乖巧,0.0021024259581929948
刀伤,0.02290826745191115
行李箱,0.003353686355717303
黄金,0.001772283679945566
犯罪,0.009679896131216247
神,0.001770290718661665
驾照,0.001999256496240673
值得,0.0017690195613753233
出狱,0.004909250311784598
仿真,0.004077930100020779
针扎,0.005254826184513927
货车,0.01452675295549237
惯犯,0.008785514437993372
慎重,0.005254826184513927
求情,0.003649967887477816
新,0.005188425984729206
涉,0.004658797548976203
破冰,0.002606809994404344
夫妻,0.008835975524287014
偷车贼,0.014040340622507298
入园,0.004077930100020779
郑州,0.002083190973761206
追击,0.003971340788510365
躲,0.001804993387221035
蚌埠,0.003649967887477816
伦敦,0.002147820521452016
想,0.010368679111282007
持斧,0.02290826745191115
狗屎,0.008785514437993372
车主,0.00928269370269981
撕破,0.004077930100020779
崩溃,0.005324090138121658
精神,0.0018131468786011914
美娇娘,0.02290826745191115
逃男,0.02290826745191115
恋爱,0.0017550185863127287
执勤,0.006272826464852521
毒枭,0.003913861126264057
清理,0.001964866675589899
千,0.003520700236499313
教科书式,0.002687052909256149
撞,0.01848750457627875
敲诈,0.004750442148302578
铁警,0.02290826745191115
制服,0.010155771504511302
女子,0.10014504996786641
段子,0.0019006723437084549
拘9日,0.02290826745191115
回国,0.005585091640912734
报案,0.012316202691472817
行,0.001772065825878095
处,0.0036700992078373077
恐怖,0.0017718499344598808
调解,0.005987188005444859
戴,0.007178068395511708
坦白,0.0026451870406378163
民生,0.002131525037205188
脚手架,0.012316202691472817
漏,0.002454625155892299
隐私,0.0021164366258655323
矛盾,0.0019298090914313436
瞬间,0.006930527874131318
屋主,0.008785514437993372
漳视,0.02290826745191115
行拘,0.02320827212422105
怒,0.0036760622010031233
主宇,0.005254826184513927
播报,0.00572027921174681
输光,0.007020170311253649
抓,0.06522603359868251
秒,0.05024110665467246
珠宝,0.0038405745569000146
店主,0.008910789590905212
脸书,0.003649967887477816
责令,0.006272826464852521
眼睛,0.005287963590490049
血,0.0035662932967256596
黄鸿发,0.02290826745191115
政经,0.005017470641393163
嫌犯,0.031371536236733326
掏出,0.002454625155892299
胁迫,0.004750442148302578
改装车,0.004372154121144066
兰博基尼,0.002147820521452016
快,0.005194022901761262
勾引,0.0022673207392620897
尴尬,0.003493492787407016
水泥,0.002407496947836956
民众,0.002147820521452016
拼命,0.0019763299491401573
涉嫌,0.028674121556784057
戒备,0.005254826184513927
立交桥,0.004750442148302578
玉珠,0.008785514437993372
暴徒,0.0018765417405371926
州委,0.02290826745191115
传出,0.0023660812498489275
芜湖,0.003353686355717303
样貌,0.0030481460260892742
盗走,0.012316202691472817
忆案,0.02290826745191115
获刑,0.002970263196968404
教唆,0.005960963835209816
扇,0.003958736814379247
逃窜,0.002901034015527631
放声,0.005960963835209816
列车,0.0019922914692734276
唯一,0.0017903383357872223
负,0.0037509062837957747
校外,0.008785514437993372
变态,0.002050047615971047
证据,0.00402866297222997
严惩,0.004750442148302578
书包,0.002901034015527631
鬼,0.0018565387405399618
加油卡,0.02290826745191115
形式,0.002687052909256149
东方,0.00357550787120336
锤子,0.004062308601804521
添,0.0019676336726537546
斑斑,0.007020170311253649
粉碎性,0.02290826745191115
金额,0.007526205962089744
整齐,0.002480713985351507
博主,0.00402866297222997
人间,0.004279026039358247
高薪,0.002407496947836956
刑讯,0.007020170311253649
错误,0.0019595171479331124
抢劫犯,0.02290826745191115
示警,0.02290826745191115
怪异,0.0024302755817303717
发热,0.004077930100020779
未果,0.0031364132324262603
责任,0.0019676336726537546
汽油,0.002281615023689132
笨贼,0.004750442148302578
桌案,0.02290826745191115
令人发指,0.003489482057774205
善意,0.004372154121144066
摔倒,0.0019184877431526173
70,0.0022537411690563996
孙悟空,0.0018431498946349135
搞笑,0.003457141369296786
难以置信,0.0019922914692734276
妻子,0.005209001236144686
动作,0.00528569790818835
拍手称快,0.012316202691472817
通知书,0.005254826184513927
寻衅,0.02290826745191115
原地,0.003885062037757144
脏乱,0.0038425508831221493
伪军,0.012316202691472817
厅官,0.02290826745191115
堆积如山,0.008785514437993372
WT,0.019330384693068144
马,0.0017952256139904445
免罪,0.02290826745191115
家人,0.0035990525846374822
嘤嘤,0.012316202691472817
小央,0.011203643647864059
霸气,0.008709848449452199
车窗,0.0022673207392620897
杀手,0.0018834171003643825
算,0.003546350535776728
甘肃,0.009866814921106335
发型,0.0017529598759608454
神情恍惚,0.02290826745191115
摩托车,0.005590521612594435
原,0.0038043116523358
灵魂,0.005437215412114407
褪下,0.02290826745191115
真凶,0.00697896411554841
反抗,0.004154413512764854
瘫痪,0.0020551399547981807
龙视,0.005254826184513927
油漆,0.002901034015527631
脸,0.0017447852307624326
装满,0.002454625155892299
拆完,0.007020170311253649
告破,0.006272826464852521
沉迷,0.0021164366258655323
首脑,0.012316202691472817
摸排,0.008785514437993372
海关,0.010748211637024597
武术,0.002194896364831742
男,0.017483760654977285
年,0.012130959207310835
免费,0.0017893198680217957
伤,0.0036285663260764264
卖,0.008725665519993408
热心,0.0021846624858361495
翻护栏,0.008785514437993372
花针,0.02290826745191115
偷换,0.012316202691472817
受,0.001770290718661665
满嘴,0.0019704650184865368
冰毒,0.01788289150562945
扣件,0.02290826745191115
停车,0.0019448059468769481
遭遇,0.00721511006279773
目击者,0.004077930100020779
秦视听,0.032623440800166235
撞停,0.02290826745191115
听,0.0017302605118208634
赌博,0.009144438078267822
迫女,0.02290826745191115
托管,0.004077930100020779
关系,0.00356796020964454
玻璃,0.0055086698172443485
追捕,0.00697896411554841
青岛,0.0037384694171494677
梨,0.1874613418778957
达,0.0017969356269825125
知,0.0017850118664393007
抓捕,0.018635190195904813
伤人,0.0021654739627194135
电信,0.006524592273159406
女性,0.008940691611681123
津云,0.012316202691472817
体贴,0.0022966819721392576
市委,0.002901034015527631
字幕组,0.018592356954921473
尝试,0.0018043808458862883
违章,0.006272826464852521
总,0.0017681797803502347
堵门,0.005802068031055262
拦截,0.004694401128002887
央视网,0.0019021558261679
渭南,0.02290826745191115
偷走,0.00918672788855703
干,0.0017570837001182724
满地,0.0021654739627194135
隔离,0.0032372900396685305
取枪,0.02290826745191115
游乐场,0.0023660812498489275
猛踩,0.012316202691472817
通风,0.007020170311253649
传销,0.002454625155892299
拘留所,0.024632405382945633
复议,0.02290826745191115
奸杀,0.02290826745191115
零钱,0.010509652369027855
女装,0.002040318968659508
竟是,0.007025330627000404
牵扯,0.0032372900396685305
困住,0.002970263196968404
搜寻,0.005960963835209816
扔,0.0036164038741394156
假货,0.0032372900396685305
面临,0.0018922659431049322
套近乎,0.005254826184513927
度,0.003568640234346674
胆忒,0.02290826745191115
假装,0.0036655489853600087
遗体,0.0026451870406378163
新娘,0.0018040780424340174
抱,0.005320554558983706
老师,0.0034767683025812408
主动,0.0017761873893167351
抢走,0.0021024259581929948
废弃物,0.005254826184513927
空少,0.005960963835209816
园方,0.007020170311253649
偷拍,0.0022537411690563996
屋里,0.0031364132324262603
剧本,0.004142837485704266
心,0.0017393673555642288
遇难,0.0021654739627194135
凿,0.004077930100020779
跳下,0.005678184232687562
越狱,0.0022673207392620897
鞭炮,0.002480713985351507
回头率,0.002089381543463391
详解,0.0022673207392620897
卖哥,0.02290826745191115
生育,0.002480713985351507
抱走,0.002732906003457181
烟盒,0.012316202691472817
外,0.009129923537885795
搭讪,0.004045011904910562
慌不择路,0.02290826745191115
耍,0.005629625221611578
坟里,0.02290826745191115
屋,0.0019448059468769481
售,0.002783344407078316
神助攻,0.005960963835209816
河,0.00201040995158687
进校,0.008785514437993372
讨债,0.004077930100020779
摘面,0.02290826745191115
横杆,0.02290826745191115
手脚,0.002687052909256149
飞路,0.02290826745191115
黑开溜,0.02290826745191115
面,0.0036509948048524745
回怼,0.002077206756382427
划,0.0030481460260892742
奈何,0.0023861419785618783
撞车,0.004563230047378264
姑娘,0.001744487719238975
长途车,0.004372154121144066
老鼠药,0.007020170311253649
查处,0.007299935774955632
假证,0.004750442148302578
吞药,0.02290826745191115
更,0.0017334048293375785
公路,0.001824536649142903
家长,0.003589503392208143
警官,0.008155860200041559
死亡,0.01604831983526547
电视台,0.015756760431682063
说谎,0.0030481460260892742
撞倒,0.002901034015527631
尿布,0.005254826184513927
乞讨,0.005802068031055262
喊客,0.02290826745191115
闷死,0.02290826745191115
债主,0.007020170311253649
菜刀,0.0047722839571237565
刹车,0.004071338495035926
撒腿,0.002783344407078316
电杆,0.012316202691472817
店铺,0.002901034015527631
轨迹,0.002732906003457181
砸售,0.008785514437993372
失主,0.0066167862604359475
车队,0.005465812006914362
团伙,0.030275429282366546
衣托,0.02290826745191115
受害,0.017571028875986744
抱住,0.002022505952455281
网友,0.013840628135927858
公交系,0.02290826745191115
累犯,0.02290826745191115
荐股,0.02290826745191115
满足,0.0036301138837073915
炫技,0.005465812006914362
击伤,0.008785514437993372
跌下,0.0038425508831221493
泄漏,0.008785514437993372
安徽,0.03616403874139416
追尾,0.0023660812498489275
喝,0.003485214187301532
第一,0.00523029392840639
出生,0.007254089775123191
检查,0.01473462031587038
消失,0.0018608097343949775
高铁站,0.002970263196968404
投资,0.0018344719389557153
天水,0.002732906003457181
抛,0.002480713985351507
香烟,0.0025087353206965815
埋尸,0.006707372711434606
神笔,0.008785514437993372
意想不到,0.0019338817876768258
纠纷,0.020572024894956395
确认,0.003816695505910299
拒绝,0.008835538838954124
假,0.008860329129390476
面重,0.02290826745191115
转圈,0.002538912143375893
胡辣汤,0.005566688814156632
善良,0.003935267345307509
认后,0.02290826745191115
插绣,0.02290826745191115
张鹭,0.012316202691472817
拒吐,0.02290826745191115
抑郁,0.002606809994404344
服务员,0.0018949776852351012
投毒,0.005960963835209816
专案组,0.017571028875986744
重庆,0.00710999383517951
闹事,0.003353686355717303
APP,0.0023660812498489275
良心,0.001999256496240673
偷窃,0.008785514437993372
花边,0.0022966819721392576
网,0.0074540288167925794
碰撞,0.00201040995158687
青流,0.010748211637024597
载,0.00403672390431554
仅,0.001770391488940327
跨境,0.005566688814156632
逃生,0.0018625962939160298
宾馆,0.004534641478524179
结婚,0.0017585836700928189
查毒,0.02290826745191115
家庭,0.0035413929149079836
男孩,0.010615839904171205
食用油,0.0038425508831221493
澎湃,0.00649642188815824
狂飙,0.001999256496240673
悔改,0.004750442148302578
纸条,0.0026451870406378163
副驾摘,0.02290826745191115
抢,0.008787493824628137
志愿者,0.002147820521452016
电钻,0.004077930100020779
半挂车,0.0032372900396685305
指控,0.0032372900396685305
兄弟,0.001749148709689591
面对,0.0017871859355609015
富婆,0.0019099636285860326
团建,0.005254826184513927
青海祁,0.024632405382945633
墓,0.002687052909256149
外出,0.0020311543009022604
赚钱,0.0018949776852351012
天后,0.0018480217294021824
马脚,0.007020170311253649
半,0.0017645656591277587
成都,0.005409549571322217
保安,0.007743916904972998
单车,0.004814993895673912
原型案,0.02290826745191115
戏精,0.005987188005444859
酒瞎,0.02290826745191115
沸闻,0.015370203532488597
少妇,0.002407496947836956
侵犯,0.002839092116343781
抽,0.0018465895467620935
职场,0.0037270144083962897
害人,0.0030481460260892742
掉到,0.003649967887477816
门诊,0.005960963835209816
夺路,0.02290826745191115
警报,0.003353686355717303
骗色,0.024632405382945633
野味,0.002454625155892299
凶手,0.015786903873770134
盐城,0.0031364132324262603
拆,0.007422865501054121
居住,0.002077206756382427
端掉,0.007020170311253649
铲车,0.005254826184513927
判,0.021093039223231497
特警,0.0068448450710673955
骑手,0.007685101766244299
公开,0.007197035830817032
刀,0.012459199482099633
红包,0.0022537411690563996
陈小明,0.02290826745191115
工资,0.0018458858018441187
强闯,0.02290826745191115
出站口,0.024632405382945633
杀人,0.020369284860232584
掴掌,0.02290826745191115
窃贼,0.021060510933760945
轮番,0.002970263196968404
晕倒,0.0019099636285860326
恢复,0.0018451900997252066
信用卡,0.004694401128002887
龙江,0.021367841207664294
行政,0.007290826745191115
报动,0.02783344407078316
价值,0.003636579235587869
骗术,0.003649967887477816
资讯站,0.003353686355717303
生前,0.004178763086926782
口出狂言,0.007020170311253649
放,0.005243422048480688
调包计,0.02290826745191115
新京报,0.14457250633878327
天,0.01731311696534272
抓时,0.02290826745191115
安检,0.0041102799095963614
破案,0.005374105818512298
夫妇,0.0036611816863993843
假警,0.02290826745191115
法,0.002089381543463391
出风头,0.005960963835209816
通行证,0.004750442148302578
登记,0.004593363944278515
购物,0.002022505952455281
民警,0.1953556972408794
第一时间,0.0032372900396685305
掌掴,0.003489482057774205
牛粪,0.005960963835209816
怀疑,0.003592877428764369
举动,0.0018085368534284138
江门,0.003489482057774205
央视,0.005313955861171667
刑拘,0.0476404271798271
霸王,0.001812405137371469
快闪,0.0023660812498489275
砸窗,0.02290826745191115
包,0.005286922601324403
容留,0.02290826745191115
监拍,0.01824983943738908
倒,0.003568640234346674
新鲜,0.0017947516961040715
南宁,0.00403672390431554
杜sir,0.012316202691472817
难闻,0.012316202691472817
包裹,0.002035669247517963
烧,0.0018075400157623437
马路,0.0019021558261679
招嫖,0.02290826745191115
百余,0.0032372900396685305
领取,0.0023472005640014434
特大,0.004625171946562113
法国,0.003687644557220114
千万,0.001766761934094597
涉案人员,0.02290826745191115
利用,0.003709808325289665
出租屋,0.004372154121144066
衣裤,0.012316202691472817
C,0.003649967887477816
全程,0.005287336738062996
淫秽,0.007685101766244299
救下,0.0025087353206965815
谣言,0.0021846624858361495
身亡,0.01820255357209753
蛋糕,0.0017784562118572434
戏剧,0.002970263196968404
脸色,0.0019704650184865368
殴打,0.023923505001584487
纪录片,0.0019359792262432494
放话,0.002687052909256149
手段,0.0041102799095963614
谈恋爱,0.002035669247517963
重型,0.0023660812498489275
裙底,0.012316202691472817
窗外,0.006890045916417772
住,0.001752196380731008
东北,0.0017569815426947564
扮,0.006761223507169198
吨,0.008887492293974387
女,0.06748458833339875
李心草,0.01788289150562945
银行,0.014627945990970509
肛门,0.008785514437993372
逼,0.0018240630702839008
噩梦,0.0020311543009022604
设计,0.001775184026265511
踹倒,0.007020170311253649
高压,0.002480713985351507
驾驶,0.014435046767090306
驾校,0.0023293987744881016
溺亡,0.02290826745191115
穿校,0.012316202691472817
说出,0.003535274340594126
阻扇,0.02290826745191115
牵出,0.021060510933760945
公众,0.002901034015527631
轮奸,0.02290826745191115
男女友,0.02290826745191115
悍,0.02290826745191115
回击,0.002783344407078316
庆典,0.0031364132324262603
医生,0.010626032845333576
突发,0.0018776461159683716
取消,0.0018672739413106763
制止,0.002839092116343781
兰州,0.006268144630390172
聪明反被聪明误,0.007020170311253649
行驶,0.0019359792262432494
仁国,0.02290826745191115
学校,0.0036500294765535054
共享,0.006080305058283877
双开,0.008785514437993372
调班,0.02290826745191115
揪心,0.0022537411690563996
阻碍,0.0052903740812756325
暴踹,0.02290826745191115
拔腿,0.003649967887477816
诈骗案,0.006474580079337061
江苏,0.012821701083973036
横穿,0.007299935774955632
担架,0.0031364132324262603
龙,0.001772283679945566
承重,0.012316202691472817
射伤,0.02290826745191115
门将,0.0022408240169095235
梳理,0.003489482057774205
楼盘,0.004750442148302578
吊销,0.004750442148302578
高,0.0017341116266657805
厕所,0.001802308150668714
奔驰,0.0037114327505270604
进进出出,0.02290826745191115
警匪,0.004077930100020779
取现,0.02290826745191115
涉事者,0.012316202691472817
公里,0.0035876451352326276
缉凶,0.004750442148302578
出差,0.0019733629842212668
租房,0.004750442148302578
客栈,0.0018787666136686188
福州,0.002901034015527631
出手,0.005440567331342394
美少女,0.0020551399547981807
躺床,0.005960963835209816
生意,0.0018635072041981449
搬到,0.004372154121144066
紧随,0.0038425508831221493
门师,0.02290826745191115
证,0.004750442148302578
实名,0.002901034015527631
店员,0.008703102046582893
嫖娼,0.004077930100020779
探访,0.002040318968659508
喷雾,0.012233790300062337
流失,0.002538912143375893
风水,0.0018102522786803228
减少,0.002089381543463391
国际,0.0052732906003457175
工人,0.001870235376006046
武校,0.012316202691472817
反杀,0.0017765738951950687
医疗,0.005077824286751786
超跑,0.002687052909256149
秒变,0.001794052549915264
涉毒,0.017571028875986744
相似度,0.004077930100020779
丽江,0.002407496947836956
返回,0.002077206756382427
裸露,0.012316202691472817
毫升,0.004750442148302578
荔枝,0.002035669247517963
微信,0.0020551399547981807
命,0.007413237810012971
工厂,0.0019051988671103515
步伐,0.0018411773206525861
组织,0.003807328904795689
寻求,0.002732906003457181
没钱,0.0019569305631320284
路边,0.005414980161663105
姐姐,0.0017294076149949
鳄鱼皮,0.02290826745191115
裸强,0.02290826745191115
真,0.005186788909267807
开起,0.005254826184513927
成员,0.002035669247517963
数,0.005488594830728473
裸体,0.02290826745191115
产后,0.001988939550045441
躲入,0.02290826745191115
痛哭,0.003908800416870632
车贷,0.008785514437993372
营运,0.004372154121144066
新人,0.0038334418533576323
走位,0.0035909299329166195
字体,0.0030481460260892742
工地,0.0018992133816202403
勾拳,0.005254826184513927
身上,0.0036001334213584036
航旅,0.024632405382945633
翻车,0.0018517531691120532
电影,0.003462971754903427
双簧办,0.02290826745191115
枣庄,0.005960963835209816
主播,0.003479706321298753
公安,0.005374105818512298
开关,0.002407496947836956
性质,0.0032372900396685305
聚餐,0.0022408240169095235
癌症,0.001988939550045441
疯,0.0018240630702839008
生存,0.001784320117173337
吐,0.0018549041626448326
都市报,0.03349790531427113
劝回,0.012316202691472817
胸部,0.011921927670419632
毕业,0.0019221204499211806
涠洲岛,0.014040340622507298
改装,0.002014331486114985
泰国,0.007082785829815967
飙出,0.004077930100020779
开锁,0.004750442148302578
华山,0.002970263196968404
逆行,0.01756114724487607
合力,0.0021093039223231496
百,0.0035367273423231476
死,0.005226965199594976
成功,0.003483032432242676
杀人犯,0.003649967887477816
焦作,0.003649967887477816
路口,0.0042476769760643115
看度,0.014040340622507298
车祸,0.0036444252094844903
乔装,0.003353686355717303
提前,0.0036408588577132987
拦,0.0019403025179822037
虐待,0.0023861419785618783
开房,0.004372154121144066
哺乳期,0.003489482057774205
流浪狗,0.0020311543009022604
毒贩,0.005940526393936808
查谎,0.02290826745191115
败露,0.005960963835209816
突,0.0031364132324262603
禁渔期,0.02290826745191115
鉴定书,0.02290826745191115
精神病,0.009388802256005774
通报,0.021846624858361495
玩偶,0.004909250311784598
开车,0.01977463329946835
花卉,0.0032372900396685305
勇斗,0.012316202691472817
部,0.0018182896177939346
果壳,0.007020170311253649
记录,0.0017665061900762362
途中,0.00818043836176682
偷取,0.012316202691472817
车技,0.004625171946562113
次日,0.005960963835209816
监禁,0.007020170311253649
入境,0.002970263196968404
情,0.001752233593529014
生子,0.0019922914692734276
影响,0.0017857197028974963
男性,0.0042476769760643115
扣,0.0018254974024262372
收网,0.005254826184513927
落地,0.0018259847075771589
湖南,0.003645337532030609
逗笑,0.0019051988671103515
淋漓,0.012316202691472817
飞扑,0.012316202691472817
加速,0.0018870927735027646
出庭,0.005960963835209816
海安,0.005960963835209816
环球,0.0017637344348118225
金店,0.007020170311253649
懊悔,0.004750442148302578
鸟,0.0018765417405371926
退款,0.007020170311253649
隔壁村,0.005254826184513927
寝室,0.002901034015527631
套,0.0017627246879031106
项链,0.002228521967245832
车位,0.002606809994404344
发车,0.003649967887477816
层,0.0017989935123803368
融媒,0.004750442148302578
花车,0.012316202691472817
阻拦,0.004909250311784598
吃完,0.0018059299369065933
台,0.0017922541031273338
社交,0.002407496947836956
赌债,0.02290826745191115
饼干,0.0019763299491401573
扫楼,0.008785514437993372
全,0.010425837641736062
货款,0.02290826745191115
超,0.0034769418018807067
残忍,0.0038806050359644073
疏忽,0.004077930100020779
挨罚,0.008785514437993372
面不改色,0.005254826184513927
难,0.005219840948747202
全责,0.004372154121144066
裤裆,0.008785514437993372
视,0.0022408240169095235
云剑,0.02290826745191115
公交车,0.011974376010889718
歧视,0.003489482057774205
开,0.012156866469610164
失联,0.006080305058283877
钱包,0.008779585459326968
袁仁国,0.02290826745191115
英镑,0.0025087353206965815
逃亡,0.0023861419785618783
问懵,0.005960963835209816
铲斗,0.012316202691472817
介入,0.025263501693531833
害怕,0.0017966863198046082
吸食,0.005960963835209816
玩家,0.0017502589292106563
现行,0.006707372711434606
经视,0.007299935774955632
求助,0.004166381947522412
车藏,0.02290826745191115
婆婆,0.0017660037996528163
嘴唇,0.0021748640910531354
婴儿,0.005870791689396085
学习,0.0017690195613753233
跳河,0.006272826464852521
幼儿,0.004563230047378264
句,0.0017502589292106563
抗议者,0.005960963835209816
艺术,0.0018072129487634108
证明,0.003630897668283419
进,0.01048796359648309
围栏,0.010509652369027855
点,0.0017396234058304452
博士,0.0037384694171494677
奶茶店,0.008785514437993372
造假,0.0024302755817303717
新闻眼,0.005960963835209816
刷单,0.008785514437993372
拒查,0.02290826745191115
路线,0.0023293987744881016
智障,0.002480713985351507
市民,0.0018146683990724174
字,0.0035428478688585936
骂,0.005439440635803574
技术,0.001752196380731008
酒后,0.011736002820007217
逮捕,0.009250343893124227
拒,0.01552242014385763
金饰,0.024632405382945633
亮,0.0017700904896480979
筛,0.012316202691472817
写,0.005284105161403325
动身,0.02290826745191115
偷油贼,0.02290826745191115
河南,0.009060194417016328
转弯,0.002407496947836956
甩,0.0038517830910380453
警服,0.005254826184513927
绑架,0.0020551399547981807
辱警,0.02290826745191115
审理,0.003649967887477816
汽车,0.0034656898608530808
合肥,0.004080637937319016
毒资,0.02290826745191115
爱花成痴,0.02290826745191115
重,0.0017864441943311788
击毙,0.004909250311784598
悲剧,0.00763985451434413
方向盘,0.007935561121913449
命案,0.02101930473805571
聚会,0.0018822284498469953
囚犯,0.002901034015527631
护士,0.002022505952455281
年龄,0.003701978012019584
破碎,0.002407496947836956
绑,0.002095789326137582
虫,0.002228521967245832
筹款,0.004077930100020779
认准,0.004750442148302578
脱困,0.012316202691472817
站台,0.0023660812498489275
俩,0.005244387053083777
华城,0.024632405382945633
亲孙女,0.02290826745191115
围剿,0.003353686355717303
商店,0.0031364132324262603
服扮,0.02290826745191115
拦车,0.003649967887477816
查清,0.004077930100020779
破车,0.004372154121144066
结束,0.001791176315594219
公交,0.013680801459047211
脏话,0.003649967887477816
防,0.0021238384880321558
出,0.013854685220138876
警方,0.12262893813596702
巧遇,0.002538912143375893
脱光,0.005960963835209816
持,0.01685247863485869
公园,0.001800892023501427
老,0.005199724660556232
短见,0.008785514437993372
video,0.007714509335608648
驾客车,0.02290826745191115
网恋,0.007935561121913449
批捕,0.012949160158674122
单身,0.0017889212017405277
说唱式,0.02290826745191115
犯下,0.011921927670419632
拖鞋,0.002095789326137582
成,0.003475176344000237
取经,0.005254826184513927
消防,0.0018362232724147827
DOTA,0.0026451870406378163
行业,0.0018565387405399618
开道,0.007299935774955632
改,0.0036144258975268216
令,0.0034874694412010228
异样,0.003353686355717303
网红,0.005259591280843681
集结者,0.02290826745191115
鞠躬,0.002454625155892299
贩梅,0.02290826745191115
DV,0.004372154121144066
换,0.005252961814095375
血泊,0.02290826745191115
新闻,0.13162379236461874
藏赃物,0.02290826745191115
乱,0.0017957059361725796
砸头,0.005254826184513927
砍人,0.024632405382945633
买,0.012142230787323462
带回,0.0022673207392620897
误杀,0.012316202691472817
进站,0.002839092116343781
证词,0.012316202691472817
公诉,0.0048605511634607435
欠,0.001931825475356803
辆,0.003564036132674849
强词夺理,0.02290826745191115
红灯,0.009388802256005774
叔叔,0.0018743799843740335
撒泼,0.009409239697278781
家,0.001738578373789
公主,0.0017767040092500576
挖坑,0.002538912143375893
推车,0.0032372900396685305
周,0.0017397489328921665
赃车,0.02290826745191115
信息,0.0018565387405399618
推行,0.003489482057774205
哥,0.0018635072041981449
丢失,0.0023472005640014434
联合国,0.0021024259581929948
溜,0.0020065929913128384
忍心,0.0021564671049299246
愤慨,0.007020170311253649
阳台,0.002901034015527631
舞,0.001842485023329883
溜进,0.003649967887477816
纠葛,0.004077930100020779
拳,0.0018465895467620935
缝上,0.02290826745191115
斑马线,0.005802068031055262
微兔,0.004750442148302578
剑当街,0.02290826745191115
涉林,0.02290826745191115
男友,0.008722146214180443
美甲店,0.008785514437993372
未成年人,0.0025715031118695494
隔离栏,0.02290826745191115
美妆博,0.005960963835209816
晚报,0.002687052909256149
碎屏,0.02290826745191115
质问,0.002089381543463391
停车场,0.005213619988808688
电梯,0.005582429203184932
岳父,0.0020658174394357193
声,0.005371015007361667
检方,0.006474580079337061
案,0.023283630215786444
後,0.005254826184513927
电锯,0.005960963835209816
老总,0.003863650950713606
立案,0.01824983943738908
首饰,0.003353686355717303
摄像头,0.0020311543009022604
坠楼,0.004750442148302578
挡箭牌,0.007020170311253649
蹭出站,0.02290826745191115
跪,0.0018333344749565273
拉回,0.002901034015527631
事,0.0017400300011926797
背拷,0.02290826745191115
撞到,0.002205595420145316
房,0.001827981703195643
吸毒,0.00697896411554841
均,0.0020065929913128384
美容院,0.004077930100020779
繁昌,0.02290826745191115
参与,0.0019676336726537546
山口组,0.02290826745191115
男童,0.00704160169200433
诈骗犯,0.01788289150562945
垃圾场,0.004750442148302578
死刑,0.005077824286751786
幕,0.007011839503843382
称,0.022928547652553692
渣土车,0.012316202691472817
莫名,0.003964961947944006
跳起,0.005254826184513927
查缴,0.02290826745191115
原平,0.02290826745191115
配合,0.005342795531877256
车牌,0.0031364132324262603
纸箱,0.004750442148302578
综合,0.005429710912790209
醉拳,0.007020170311253649
排查,0.005254826184513927
跑车,0.0018565387405399618
疯狂,0.01743771044584878
摩托男,0.02290826745191115
缉毒,0.004372154121144066
解心,0.02290826745191115
国足,0.001767370848424027
挑衅,0.011101403640523921
完了,0.0019519242699686404
苦劝,0.02290826745191115
陈鸿志,0.02290826745191115
滑出,0.007020170311253649
服务,0.0017704927002267729
没事,0.0019021558261679
绳之以法,0.02290826745191115
改口,0.002839092116343781
路遇,0.0025087353206965815
昆明,0.007098243749546782
要闻,0.008910789590905212
保健品,0.004077930100020779
救回,0.004372154121144066
掌闻,0.03700137557249691
字条,0.008785514437993372
男逛店,0.02290826745191115
曝光,0.019217164568301172
喷绿,0.02290826745191115
愚蠢,0.003489482057774205
架,0.005335368635571731
狂言,0.0021238384880321558
勾兑,0.02290826745191115
开学,0.0020311543009022604
竟,0.04673773112884605
小麦,0.02101930473805571
捕捉,0.002014331486114985
射洪,0.012316202691472817
冷漠,0.0021748640910531354
接堂,0.02290826745191115
外卖哥,0.012316202691472817
网络,0.010526146811777881
遭,0.04899922258919057
专家,0.001749148709689591
塑料,0.0021748640910531354
揩油,0.008785514437993372
楼,0.0018922659431049322
克拉钻,0.02290826745191115
落实,0.0022408240169095235
温泉池,0.02290826745191115
BTV,0.001819134027540656
胶条,0.012316202691472817
寻凶,0.012316202691472817
月薪,0.001964866675589899
降,0.0036960434588043647
送,0.0034829471051473237
狗,0.005200596670514814
晨报,0.002839092116343781
屋顶,0.0025087353206965815
牵引车,0.012316202691472817
米,0.006991654438036367
神补刀,0.004372154121144066
识破,0.010329087197178597
火场,0.0030481460260892742
长剑,0.007020170311253649
施暴,0.008785514437993372
极品,0.0018810574089669027
渣男,0.001879903589276223
影像,0.001827475148209491
险些,0.0022408240169095235
街头,0.017459547482547473
痛死,0.02290826745191115
掉头,0.0048605511634607435
招,0.0035318424479501356
厚街,0.012316202691472817
虚拟,0.002783344407078316
民房,0.02290826745191115
机关,0.002216792105938591
牺牲,0.0019793684071896236
涉黑,0.020389650500103895
斤,0.0034944286496961475
点火,0.002732906003457181
白头,0.002216792105938591
刚,0.010451548641727685
加价,0.0031364132324262603
明星,0.0017436624743716962
警戒,0.002687052909256149
拘7日,0.008785514437993372
推搡,0.007685101766244299
梅州,0.002839092116343781
视角,0.0017885273824657186
消防员,0.004166381947522412
政法,0.015682066162131303
捡回,0.0038425508831221493
执着,0.002045109590441705
擦亮,0.005960963835209816
交警,0.10929906909304493
活鸡,0.008785514437993372
第1,0.004389792729663484
堪比,0.0018231291904778316
势力,0.002089381543463391
控制,0.007261795336566838
整,0.0036087616917725765
飞机,0.005203566924751796
热搜,0.003924323716470689
高校,0.0036989756197124764
患者,0.003816695505910299
弃尸,0.02290826745191115
整形,0.002783344407078316
路,0.003515527066897145
德州,0.004372154121144066
晶报,0.005254826184513927
桂林,0.004080637937319016
身后,0.0019132819446137385
跳楼,0.0066855659017374955
越野车,0.0021748640910531354
买下,0.0020551399547981807
性侵,0.008910789590905212
接力,0.002205595420145316
豫,0.011921927670419632
员工,0.01091737162731167
踹翻,0.012316202691472817
丈夫,0.005212841521196725
缴获,0.005254826184513927
雅,0.003649967887477816
挤开,0.02290826745191115
芽控,0.02290826745191115
尿检,0.014040340622507298
超重,0.004750442148302578
公司,0.008764603578547935
偷梁换柱,0.012316202691472817
高层,0.004457043934491664
热议,0.003894257536192685
抓获,0.03436512834323226
吃,0.0017255583500716879
争议,0.001868247655666297
众目睽睽,0.02290826745191115
游玩,0.0018350496039186539
前妻,0.0036057786837855204
受贿案,0.008785514437993372
现身,0.0017592109931551397
破裂,0.0024302755817303717
戳穿,0.006272826464852521
疑似,0.009346173542873669
车站,0.0021395130196791234
受损,0.006707372711434606
熬夜,0.0022537411690563996
美国,0.001737070855039902
酒毒,0.02290826745191115
指认,0.009500884296605156
座位,0.002281615023689132
窝点,0.010949903662433449
斧头,0.005374105818512298
舒适,0.0019359792262432494
车篮,0.02290826745191115
直击,0.0038232162075712076
爱车,0.0023293987744881016
霸凌,0.005374105818512298
树木,0.002901034015527631
车竖,0.02290826745191115
长沙,0.011953748815640567
楼顶,0.002783344407078316
现,0.0035885681105515925
时报,0.0017730620176877776
强奸,0.005960963835209816
制售,0.00697896411554841
讲,0.0017371423076587165
蛋黄派,0.008785514437993372
平,0.002014331486114985
手持,0.002216792105938591
撞成,0.004750442148302578
劫案,0.02290826745191115
血案,0.003489482057774205
选座,0.02290826745191115
双,0.006988158770714696
跨栏,0.005254826184513927
闽,0.004372154121144066
共,0.0018327744926800043
报废,0.004349728182106271
扬言,0.002194896364831742
交友,0.0032372900396685305
妥妥,0.0022537411690563996
值钱,0.004053536705522585
狂,0.0036285663260764264
侄儿,0.007020170311253649
搅乱,0.008785514437993372
宣判,0.00761673643012768
毒品,0.022326425868163562
歹徒,0.002970263196968404
判定,0.006707372711434606
淡定,0.0017838115353186424
孩童,0.004372154121144066
媳妇,0.0017493871914884475
措施,0.004279026039358247
负责,0.0019793684071896236
炫富,0.0023293987744881016
退,0.002060393955175382
荷枪实弹,0.012316202691472817
网逃,0.02290826745191115
江中,0.007020170311253649
狠砸,0.02290826745191115
赖,0.002071418742852133
怒吼,0.006135328771325115
仪式感,0.002480713985351507
福建,0.012799452742099196
催泪弹,0.005960963835209816
整死,0.008785514437993372
骗走,0.005802068031055262
透露,0.001868247655666297
门口,0.005629625221611578
琼海,0.008785514437993372
悔罪,0.008785514437993372
栽,0.0022966819721392576
速递,0.007201359343143351
形式主义,0.02290826745191115
领导,0.0036823546413051723
资产,0.002095789326137582
怀孕,0.005291203304435468
丢,0.0017997955364661851
搬运,0.004077930100020779
推倒,0.005465812006914362
怒斥,0.002060393955175382
石疑,0.02290826745191115
室友,0.0023861419785618783
章莹,0.02290826745191115
拉,0.0017772309874777828
羊,0.0018316715834247196
网寻,0.02290826745191115
酒瓶,0.0032372900396685305
深夜,0.008955881577971095
查获,0.00946432499939571
山东,0.014191863533374718
消费,0.0037233944272751555
孕妇,0.003919034295866225
讲述,0.0018362232724147827
强行,0.0019099636285860326
村干部,0.02290826745191115
闯卡,0.02980481917604908
潜逃,0.012949160158674122
粉丝,0.003486274300671435
坠桥,0.008785514437993372
高空,0.003656986497742627
入室,0.002732906003457181
救援,0.0037066189050064856
车轮,0.0023660812498489275
监控,0.035654293070206663
停产,0.0032372900396685305
爆胎,0.002901034015527631
稳居,0.0032372900396685305
演员,0.0017400538810877335
杀案,0.02290826745191115
逮捕令,0.012316202691472817
侦查,0.004750442148302578
笔,0.0019083477529551495
海豚,0.0058632006253059475
见义勇为,0.0030481460260892742
走私,0.01397639264692861
校方,0.005802068031055262
涉恶,0.008785514437993372
槟榔,0.002687052909256149
政府,0.0019149859447360744
救,0.001791176315594219
仿妆,0.0019793684071896236
查车,0.010509652369027855
实情,0.0019793684071896236
秩序,0.0023861419785618783
电池,0.0020028764773618074
明天,0.0018139011917161633
太原,0.0021164366258655323
失败,0.0017801806017246327
相视,0.009500884296605156
碎片,0.002454625155892299
拉开,0.002095789326137582
约,0.007243832535955582
夜,0.0017672827976757794
站,0.005291649043689996
没关系,0.0023293987744881016
拨,0.002901034015527631
套路,0.007017777071896882
需,0.0036112307045372475
支蹲,0.02290826745191115
新媒,0.02211450946745557
辱骂,0.009818500623569195
新京,0.02783344407078316
通缉,0.01788289150562945
袭击,0.0019202872784500073
拒检,0.008785514437993372
终认罪,0.02290826745191115
书华,0.02290826745191115
车上,0.003766834200728765
灌水,0.008785514437993372
河北,0.004045011904910562
摆放,0.002783344407078316
报警,0.01949501011043809
市,0.0020658174394357193
沸点,0.03284971098730034
送回,0.003489482057774205
醉酒,0.018327744926800043
绝地,0.0017428683726975036
条,0.005225023386284433
教师,0.00783806859173245
爆粗,0.02290826745191115
太,0.005176720093995346
砍刀,0.007020170311253649
赃款,0.024632405382945633
反,0.005390806880947538
暴雪,0.002480713985351507
坑,0.001791818856021309
躲避,0.011268705845281998
嘉宾,0.0017785958475405926
整顿,0.004372154121144066
滋事,0.024632405382945633
嘴,0.0017710054742222628
猖狂,0.002732906003457181
尾随,0.011881052787873617
寻,0.0019922914692734276
搬家,0.0024302755817303717
截停,0.02290826745191115
朋友,0.008732185073703344
丰田,0.0019006723437084549
发,0.005299773289220943
单膝,0.005960963835209816
逃犯,0.02554977521234471
逃跑,0.025968658277027656
洋相,0.005254826184513927
反受,0.02290826745191115
新华网,0.008285674971408532
耗费,0.004372154121144066
ATM机,0.008744308242288132
撞树,0.008785514437993372
欺凌,0.0026451870406378163
视听,0.001769891990474821
系,0.016408162714300484
韩国,0.0034933484780708306
召回,0.002732906003457181
笑,0.0034608405889496752
白色,0.0018264767209904085
驾,0.00697896411554841
跨,0.0025715031118695494
高能,0.001824536649142903
事实,0.001954400208435316
幼儿园,0.007666883706715265
皮,0.0017712137744142088
塞车,0.012316202691472817
仙桃,0.02290826745191115
杀妻,0.02290826745191115
围殴,0.002454625155892299
刺中,0.02290826745191115
普洱,0.008785514437993372
亲生,0.0019298090914313436
劝说,0.0060962920521785485
遇,0.021282218235934822
吉林,0.0019763299491401573
院长,0.002732906003457181
驱散,0.0038425508831221493
淮南,0.004077930100020779
追踪,0.0023861419785618783
男案,0.02290826745191115
化成,0.004372154121144066
芒果V,0.007020170311253649
唏嘘,0.002732906003457181
都市,0.02899986239992986
面具,0.002040318968659508
头盔狂,0.02290826745191115
资格,0.002147820521452016
怒怼,0.005878551443799337
证人,0.006707372711434606
晋江,0.007020170311253649
侮辱,0.0021654739627194135
跪地,0.0020658174394357193
摩托,0.009896842035948117
腾讯,0.0017513319355542218
搜山,0.008785514437993372
伪造,0.011604136062110524
解释,0.0017961927933503898
齐河,0.02290826745191115
接上,0.012316202691472817
鸣枪,0.011921927670419632
踢踹,0.008785514437993372
睡,0.0053155498033796425
带走,0.001820869116061317
局长,0.0021564671049299246
TV,0.0037466438834897636
具,0.0018663132969464068
提出,0.0018599336330913845
胆,0.002687052909256149
回应,0.023038268576852802
汕头,0.003649967887477816
激情,0.001839898201640366
湘西,0.002205595420145316
豪车,0.0018458858018441187
美女,0.0017283815467237609
拷问,0.0032372900396685305
倒地,0.0019793684071896236
轻,0.002071418742852133
抢劫,0.019089135828495026
车,0.02431446544715673
常青藤,0.012316202691472817
送医,0.004218607844646299
哭,0.005218233828116159
前科,0.02290826745191115
天下,0.012139747811583211
入刑,0.004750442148302578
撞上,0.008026371965251354
手枪,0.0019595171479331124
耶,0.005254826184513927
身世,0.002538912143375893
怪车,0.02290826745191115
倒车,0.002407496947836956
假冒性,0.02290826745191115
危害,0.002022505952455281
猎7,0.012316202691472817
设,0.0019471287680963424
暴露,0.003574371871121803
教练,0.0036093719040528184
袭警,0.024632405382945633
痕迹,0.0023293987744881016
学生,0.008798408862562319
辞退,0.0032372900396685305
合影,0.0019021558261679
喊话,0.0019763299491401573
飞撞,0.02290826745191115
事故,0.005477954122731477
逃离,0.004279026039358247
董事长,0.003919034295866225
高度,0.0018722786969147392
助攻,0.0018458858018441187
考核,0.002839092116343781
谈话,0.002454625155892299
结识,0.008785514437993372
顶,0.0018217606477205501
曼谷,0.002783344407078316
狱警,0.003353686355717303
婚礼,0.0017952256139904445
鳄鱼,0.003605195340001385
外挂,0.005143006223739099
警探,0.007020170311253649
爆表,0.0019258915455190226
司机,0.10083640538612038
资讯,0.015809660345089318
贵阳,0.0025715031118695494
中国,0.01227636258947374
母子,0.0023293987744881016
猛打,0.005960963835209816
客户端,0.010225547952208524
广播,0.008844623371037919
编,0.002732906003457181
追逃,0.004750442148302578
残骸,0.004077930100020779
密码,0.0021024259581929948
效应,0.0019793684071896236
帮帮,0.004077930100020779
公布,0.003630897668283419
骑,0.010881134662684788
青神夜,0.02290826745191115
法子,0.008785514437993372
贼,0.0018356333495654128
阻扰,0.012316202691472817
询问,0.0025715031118695494
刀具,0.007020170311253649
担心,0.0018150569418536957
高墙,0.004750442148302578
赴,0.0019359792262432494
青蜂侠,0.03379763008743069
查,0.056184603756759474
解压,0.0022408240169095235
门,0.005393081808945913
南阳,0.0038425508831221493
灰,0.002732906003457181
破胎器,0.02290826745191115
抓到,0.0037984267632404805
接连,0.004080637937319016
惨,0.0017745763346556174
云南,0.021855754045122598
偷,0.034464122642607106
加薪,0.003649967887477816
伸出,0.0023472005640014434
干案,0.024632405382945633
前任,0.0017680884072188742
穿着,0.0018834171003643825
盗窃,0.031199307541441644
入学,0.0032372900396685305
挑灯,0.02290826745191115
虚假,0.002783344407078316
注销,0.005254826184513927
白天,0.0019922914692734276
执法,0.010697565098395615
少女,0.003499693652168181
独居鳏夫,0.02290826745191115
级,0.0017690195613753233
跳入,0.004077930100020779
燃,0.04484556419040785
肖像,0.007020170311253649
婚闹,0.012316202691472817
补偿,0.003353686355717303
追星,0.001999256496240673
家里,0.0017572381334108524
杭州,0.003721619468789955
套袋,0.02290826745191115
双双,0.004263050074410376
斥,0.0030481460260892742
闯入,0.0021395130196791234
玩,0.001731639393329411
举报,0.007659943778944298
化妆品,0.00201836195215777
医师,0.005254826184513927
清点,0.02290826745191115
幸亏,0.0042048519163859896
红绿灯,0.002606809994404344
盗2,0.02290826745191115
前,0.0069559326057661765
硬,0.0018392690697348994
道歉,0.009251169700436601
放贷,0.02290826745191115
挂,0.0018380311005015617
情敌,0.004389792729663484
麻辣,0.0036233513126547228
风现,0.02290826745191115
花钱,0.0019595171479331124
呼叫,0.005213619988808688
轿车,0.007817600833741264
盗,0.013300752635631546
翻供,0.02290826745191115
飞车,0.0017548841277266116
监守自盗,0.02290826745191115
马拉松,0.002216792105938591
抗议,0.0022537411690563996
手机3,0.02290826745191115
涂,0.0018154488341417096
桶,0.0038442408998423613
影帝,0.001988939550045441
贩毒,0.016122317455536897
闹市,0.004372154121144066
喊爹,0.02290826745191115
高科技,0.0021093039223231496
住宅,0.002606809994404344
赔偿,0.0023660812498489275
侵杀,0.02290826745191115
魔鬼,0.0018870927735027646
改为,0.007020170311253649
零七,0.02290826745191115
脚强,0.02290826745191115
代,0.0018146683990724174
闯,0.010895064716619277
发生,0.013954352769081775
加油枪,0.02290826745191115
时分,0.044992410989717506
物品,0.0021238384880321558
围追,0.008785514437993372
女孩,0.029517078582956418
盗贼,0.0032372900396685305
开心,0.001740598016132289
斗,0.01238181131185348
陕西,0.009435463867513823
涉事,0.008963296067638094
柳州,0.002839092116343781
远光灯,0.005960963835209816
持刀,0.03061678847786148
逾期,0.004750442148302578
衣服,0.0052694403405273114
启动,0.001810603765813571
态度,0.0018465895467620935
没,0.01209374227691492
哭笑不得,0.003899002022087618
网上,0.0038405745569000146
